<?xml version="1.0" encoding="UTF-8"?>
<project-private xmlns="http://www.netbeans.org/ns/project-private/1">
    <editor-bookmarks xmlns="http://www.netbeans.org/ns/editor-bookmarks/2" lastBookmarkId="0"/>
    <open-files xmlns="http://www.netbeans.org/ns/projectui-open-files/2">
        <group name="YT">
            <file>file:/C:/Users/baontq/Desktop/Java2/Assginment/src/com/polyit/view/MainView.java</file>
            <file>file:/C:/Users/baontq/Desktop/Java2/Assginment/src/com/polyit/thread/ClockThread.java</file>
            <file>file:/C:/Users/baontq/Desktop/Java2/Assginment/src/com/polyit/ultils/XFile.java</file>
        </group>
    </open-files>
</project-private>
