<?xml version="1.0" encoding="UTF-8"?>
<project-private xmlns="http://www.netbeans.org/ns/project-private/1">
    <editor-bookmarks xmlns="http://www.netbeans.org/ns/editor-bookmarks/2" lastBookmarkId="0"/>
    <open-files xmlns="http://www.netbeans.org/ns/projectui-open-files/2">
        <group>
            <file>file:/E:/FPT%20Polytechnic/Du_An_Mot/TungTQPC04315_DuAnMot_GD_HoangChinh/MaNguon/QL_Coffee_Bida/src/com/gui/QuanLySanPham.java</file>
            <file>file:/E:/FPT%20Polytechnic/Du_An_Mot/TungTQPC04315_DuAnMot_GD_HoangChinh/MaNguon/QL_Coffee_Bida/src/com/gui/QuanLyLoaiSanPham.java</file>
            <file>file:/E:/FPT%20Polytechnic/Du_An_Mot/TungTQPC04315_DuAnMot_GD_HoangChinh/MaNguon/QL_Coffee_Bida/src/com/dao/LoaiDao.java</file>
            <file>file:/E:/FPT%20Polytechnic/Du_An_Mot/TungTQPC04315_DuAnMot_GD_HoangChinh/MaNguon/QL_Coffee_Bida/src/com/model/LoaiSanPham.java</file>
            <file>file:/E:/FPT%20Polytechnic/Du_An_Mot/TungTQPC04315_DuAnMot_GD_HoangChinh/MaNguon/QL_Coffee_Bida/src/com/gui/QuanLyNhanVien.java</file>
            <file>file:/E:/FPT%20Polytechnic/Du_An_Mot/TungTQPC04315_DuAnMot_GD_HoangChinh/MaNguon/QL_Coffee_Bida/src/com/gui/CuaSoDangNhap.java</file>
        </group>
    </open-files>
</project-private>
